crop,subregion,country,tonnes,share_of_asia_pct,is_malaysia
All Grains,Eastern Asia,China,10376861.0,39.6,False
All Grains,Eastern Asia,Japan,1853369.0,7.1,False
All Grains,Eastern Asia,South Korea,1342773.0,5.1,False
All Grains,Eastern Asia,Taiwan,310519.0,1.2,False
All Grains,Eastern Asia,Hong Kong,1828.0,0.0,False
All Grains,South-Eastern Asia,Indonesia,3456992.0,13.2,False
All Grains,South-Eastern Asia,Philippines,2554868.0,9.7,False
All Grains,South-Eastern Asia,Vietnam,1322223.0,5.0,False
All Grains,South-Eastern Asia,Malaysia,794723.0,3.0,True
All Grains,South-Eastern Asia,Thailand,710979.0,2.7,False
All Grains,South-Eastern Asia,Myanmar,230393.0,0.9,False
All Grains,South-Eastern Asia,Singapore,126243.0,0.5,False
All Grains,Southern Asia,India,131094.0,0.5,False
All Grains,Southern Asia,Sri Lanka,39785.0,0.2,False
All Grains,Southern Asia,Bangladesh,5410.0,0.0,False
All Grains,Western Asia,Yemen,1583929.0,6.0,False
All Grains,Western Asia,Kuwait,408665.0,1.6,False
All Grains,Western Asia,United Arab Emirates,326343.0,1.2,False
All Grains,Western Asia,Oman,197715.0,0.8,False
All Grains,Western Asia,Saudi Arabia,153945.0,0.6,False
All Grains,Western Asia,Bahrain,135651.0,0.5,False
All Grains,Western Asia,Qatar,83649.0,0.3,False
All Grains,Western Asia,Iraq,77723.0,0.3,False
Barley,Eastern Asia,China,4831298.0,80.5,False
Barley,Eastern Asia,Japan,668028.0,11.1,False
Barley,Eastern Asia,South Korea,49667.0,0.8,False
Barley,Eastern Asia,Taiwan,20727.0,0.3,False
Barley,South-Eastern Asia,Vietnam,173461.0,2.9,False
Barley,South-Eastern Asia,Thailand,39999.0,0.7,False
Barley,South-Eastern Asia,Singapore,32754.0,0.5,False
Barley,South-Eastern Asia,Philippines,19308.0,0.3,False
Barley,South-Eastern Asia,Malaysia,2016.0,0.0,True
Barley,Western Asia,Saudi Arabia,150000.0,2.5,False
Barley,Western Asia,United Arab Emirates,15048.0,0.3,False
Oats,Eastern Asia,China,257788.0,79.9,False
Oats,Eastern Asia,Japan,6878.0,2.1,False
Oats,South-Eastern Asia,Malaysia,12284.0,3.8,True
Oats,South-Eastern Asia,Philippines,3435.0,1.1,False
Oats,Southern Asia,India,30170.0,9.3,False
Oats,Southern Asia,Sri Lanka,3953.0,1.2,False
Oats,Western Asia,United Arab Emirates,8199.0,2.5,False
Sorghum,Eastern Asia,China,2057312.0,93.9,False
Sorghum,Eastern Asia,Japan,72428.0,3.3,False
Sorghum,Eastern Asia,Taiwan,45203.0,2.1,False
Sorghum,South-Eastern Asia,Philippines,13822.0,0.6,False
Sorghum,South-Eastern Asia,Vietnam,1298.0,0.1,False
Wheat,Eastern Asia,China,3230463.0,18.2,False
Wheat,Eastern Asia,South Korea,1292822.0,7.3,False
Wheat,Eastern Asia,Japan,1106035.0,6.2,False
Wheat,Eastern Asia,Taiwan,244590.0,1.4,False
Wheat,Eastern Asia,Hong Kong,1553.0,0.0,False
Wheat,South-Eastern Asia,Indonesia,3456708.0,19.5,False
Wheat,South-Eastern Asia,Philippines,2518302.0,14.2,False
Wheat,South-Eastern Asia,Vietnam,1147446.0,6.5,False
Wheat,South-Eastern Asia,Malaysia,780424.0,4.4,True
Wheat,South-Eastern Asia,Thailand,670906.0,3.8,False
Wheat,South-Eastern Asia,Myanmar,230393.0,1.3,False
Wheat,South-Eastern Asia,Singapore,93434.0,0.5,False
Wheat,Southern Asia,India,100924.0,0.6,False
Wheat,Southern Asia,Sri Lanka,35831.0,0.2,False
Wheat,Southern Asia,Bangladesh,5242.0,0.0,False
Wheat,Western Asia,Yemen,1583929.0,8.9,False
Wheat,Western Asia,Kuwait,408665.0,2.3,False
Wheat,Western Asia,United Arab Emirates,303096.0,1.7,False
Wheat,Western Asia,Oman,197299.0,1.1,False
Wheat,Western Asia,Bahrain,135543.0,0.8,False
Wheat,Western Asia,Qatar,83570.0,0.5,False
Wheat,Western Asia,Iraq,77723.0,0.4,False
Wheat,Western Asia,Saudi Arabia,3446.0,0.0,False
