year,crop,partner,dest_city,tonnes,rank_in_crop,is_malaysia,origin_lon,origin_lat,dest_lon,dest_lat
2024,Barley,"China, mainland",Beijing,4831298.12,1,False,134.0,-25.0,116.38634,39.930838
2024,Barley,Japan,Tokyo,668028.02,2,False,134.0,-25.0,139.749462,35.686963
2024,Barley,Viet Nam,Hanoi,173461.3,3,False,134.0,-25.0,105.848068,21.035273
2024,Barley,Mexico,Mexico City,161678.5,4,False,134.0,-25.0,-99.132934,19.444388
2024,Barley,Saudi Arabia,Riyadh,150000.0,5,False,134.0,-25.0,46.770796,24.642779
2024,Barley,Peru,Lima,117154.7,6,False,134.0,-25.0,-77.052008,-12.046067
2024,Barley,Netherlands (Kingdom of the),Amsterdam,69995.0,7,False,134.0,-25.0,4.914694,52.351915
2024,Barley,Republic of Korea,Seoul,49667.31,8,False,134.0,-25.0,126.997785,37.568295
2024,Barley,South Africa,Bloemfontein,46411.1,9,False,134.0,-25.0,26.229913,-29.119994
2024,Barley,Ecuador,Quito,42045.8,10,False,134.0,-25.0,-78.501997,-0.213042
2024,Barley,Thailand,Bangkok,39998.61,11,False,134.0,-25.0,100.514699,13.751945
2024,Barley,Singapore,Singapore,32754.48,12,False,134.0,-25.0,103.8539,1.295
2024,Barley,"China, Taiwan Province of",Taipei,20726.99,13,False,134.0,-25.0,121.568333,25.035833
2024,Barley,Philippines,Manila,19308.21,14,False,134.0,-25.0,120.980271,14.606105
2024,Barley,United Arab Emirates,Abu Dhabi,15047.65,15,False,134.0,-25.0,54.366593,24.466684
2024,Barley,New Zealand,Wellington,3300.9,16,False,134.0,-25.0,174.783266,-41.299988
2024,Barley,Malaysia,Kuala Lumpur,2015.52,17,True,134.0,-25.0,101.698037,3.168612
2024,Oats,"China, mainland",Beijing,257787.77,1,False,134.0,-25.0,116.38634,39.930838
2024,Oats,India,New Delhi,30170.0,2,False,134.0,-25.0,77.19998,28.600023
2024,Oats,Malaysia,Kuala Lumpur,12283.5,3,True,134.0,-25.0,101.698037,3.168612
2024,Oats,United Arab Emirates,Abu Dhabi,8199.49,4,False,134.0,-25.0,54.366593,24.466684
2024,Oats,Japan,Tokyo,6878.12,5,False,134.0,-25.0,139.749462,35.686963
2024,Oats,Sri Lanka,Colombo,3953.38,6,False,134.0,-25.0,79.857751,6.931966
2024,Oats,Philippines,Manila,3435.4,7,False,134.0,-25.0,120.980271,14.606105
2024,Sorghum,"China, mainland",Beijing,2057311.83,1,False,134.0,-25.0,116.38634,39.930838
2024,Sorghum,Japan,Tokyo,72427.9,2,False,134.0,-25.0,139.749462,35.686963
2024,Sorghum,"China, Taiwan Province of",Taipei,45202.59,3,False,134.0,-25.0,121.568333,25.035833
2024,Sorghum,Kenya,Nairobi,29404.0,4,False,134.0,-25.0,36.814711,-1.281401
2024,Sorghum,Philippines,Manila,13821.71,5,False,134.0,-25.0,120.980271,14.606105
2024,Sorghum,Viet Nam,Hanoi,1297.64,6,False,134.0,-25.0,105.848068,21.035273
2024,Wheat,Indonesia,Jakarta,3456707.8,1,False,134.0,-25.0,106.827492,-6.172472
2024,Wheat,"China, mainland",Beijing,3230462.91,2,False,134.0,-25.0,116.38634,39.930838
2024,Wheat,Philippines,Manila,2518302.43,3,False,134.0,-25.0,120.980271,14.606105
2024,Wheat,Yemen,Sanaa,1583928.6,4,False,134.0,-25.0,44.204648,15.356679
2024,Wheat,Republic of Korea,Seoul,1292821.97,5,False,134.0,-25.0,126.997785,37.568295
2024,Wheat,Viet Nam,Hanoi,1147445.71,6,False,134.0,-25.0,105.848068,21.035273
2024,Wheat,Japan,Tokyo,1106034.6,7,False,134.0,-25.0,139.749462,35.686963
2024,Wheat,Malaysia,Kuala Lumpur,780423.9,8,True,134.0,-25.0,101.698037,3.168612
2024,Wheat,Thailand,Bangkok,670906.08,9,False,134.0,-25.0,100.514699,13.751945
2024,Wheat,New Zealand,Wellington,617195.0,10,False,134.0,-25.0,174.783266,-41.299988
2024,Wheat,South Africa,Bloemfontein,414177.48,11,False,134.0,-25.0,26.229913,-29.119994
2024,Wheat,Kuwait,Kuwait City,408664.63,12,False,134.0,-25.0,47.976355,29.371664
2024,Wheat,United Arab Emirates,Abu Dhabi,303096.32,13,False,134.0,-25.0,54.366593,24.466684
2024,Wheat,Papua New Guinea,Port Moresby,271500.53,14,False,134.0,-25.0,147.192504,-9.464708
2024,Wheat,"China, Taiwan Province of",Taipei,244589.7,15,False,134.0,-25.0,121.568333,25.035833
2024,Wheat,Myanmar,Naypyidaw,230392.52,16,False,134.0,-25.0,96.116673,19.768503
2024,Wheat,Fiji,Suva,204736.4,17,False,134.0,-25.0,178.441707,-18.133016
2024,Wheat,Oman,Muscat,197298.8,18,False,134.0,-25.0,58.593312,23.613325
2024,Wheat,Bahrain,Manama,135543.2,19,False,134.0,-25.0,50.5831,26.2361
2024,Wheat,Algeria,Algiers,114349.2,20,False,134.0,-25.0,3.048607,36.765011
2024,Wheat,India,New Delhi,100924.13,21,False,134.0,-25.0,77.19998,28.600023
2024,Wheat,Singapore,Singapore,93434.32,22,False,134.0,-25.0,103.8539,1.295
2024,Wheat,Qatar,Doha,83570.0,23,False,134.0,-25.0,51.532968,25.286556
2024,Wheat,Iraq,Baghdad,77722.6,24,False,134.0,-25.0,44.391923,33.340594
2024,Wheat,Zambia,Lusaka,69218.0,25,False,134.0,-25.0,28.281382,-15.414698
2024,Wheat,Mozambique,Maputo,61577.7,26,False,134.0,-25.0,32.587217,-25.953332
2024,Wheat,Kenya,Nairobi,50613.81,27,False,134.0,-25.0,36.814711,-1.281401
2024,Wheat,Mauritius,Port Louis,46446.22,28,False,134.0,-25.0,57.5,-20.1666
2024,Wheat,Sri Lanka,Colombo,35831.23,29,False,134.0,-25.0,79.857751,6.931966
2024,Wheat,Italy,Rome,33579.37,30,False,134.0,-25.0,12.481313,41.897902
2024,Wheat,Malawi,Lilongwe,19800.0,31,False,134.0,-25.0,33.783302,-13.983295
2024,Wheat,Solomon Islands,Honiara,16395.04,32,False,134.0,-25.0,159.949766,-9.437994
2024,Wheat,United Kingdom of Great Britain and Northern Ireland,London,12330.97,33,False,134.0,-25.0,-0.118668,51.501941
2024,Wheat,Egypt,Cairo,12166.94,34,False,134.0,-25.0,31.248022,30.051906
2024,Wheat,Bangladesh,Dhaka,5241.69,35,False,134.0,-25.0,90.406634,23.725006
2024,Wheat,Saudi Arabia,Riyadh,3446.38,36,False,134.0,-25.0,46.770796,24.642779
2024,Wheat,"China, Hong Kong SAR",Hong Kong,1552.93,37,False,134.0,-25.0,114.1831,22.3069
2024,Wheat,United Republic of Tanzania,Dar es Salaam,1183.88,38,False,134.0,-25.0,39.266396,-6.798067
