crop,year,production_mt,area_mha,yield_t_ha,note
Barley,1961,0.941,0.965,0.976,
Barley,1962,0.898,0.82,1.094,
Barley,1963,0.984,0.815,1.208,
Barley,1964,1.118,0.835,1.339,
Barley,1965,0.949,0.93,1.02,
Barley,1966,1.397,1.011,1.382,
Barley,1967,0.835,1.057,0.79,
Barley,1968,1.646,1.341,1.228,
Barley,1969,1.699,1.521,1.117,
Barley,1970,2.351,2.0,1.176,
Barley,1971,3.065,2.535,1.209,
Barley,1972,1.727,2.14,0.807,
Barley,1973,2.397,1.894,1.265,
Barley,1974,2.515,1.826,1.378,
Barley,1975,3.179,2.329,1.365,
Barley,1976,2.847,2.321,1.227,
Barley,1977,2.383,2.803,0.85,
Barley,1978,4.006,2.785,1.438,
Barley,1979,3.703,2.482,1.492,
Barley,1980,2.682,2.451,1.094,
Barley,1981,3.45,2.685,1.285,
Barley,1982,1.939,2.452,0.79,
Barley,1983,4.89,3.109,1.573,
Barley,1984,5.554,3.518,1.579,
Barley,1985,4.801,3.238,1.483,
Barley,1986,3.548,2.274,1.56,
Barley,1987,3.417,2.346,1.456,
Barley,1988,3.242,2.19,1.48,
Barley,1989,4.044,2.31,1.751,
Barley,1990,4.108,2.45,1.677,
Barley,1991,4.53,2.744,1.651,
Barley,1992,5.397,2.947,1.831,
Barley,1993,6.668,3.424,1.947,
Barley,1994,2.913,2.47,1.179,Low since 1990
Barley,1995,5.823,3.111,1.872,
Barley,1996,6.696,3.367,1.989,
Barley,1997,6.482,3.521,1.841,
Barley,1998,5.987,3.167,1.89,
Barley,1999,5.043,2.589,1.948,
Barley,2000,6.743,3.454,1.952,
Barley,2001,8.28,3.707,2.233,
Barley,2002,3.865,3.864,1.0,
Barley,2003,10.382,4.477,2.319,
Barley,2004,7.74,4.646,1.666,
Barley,2005,9.482,4.406,2.152,
Barley,2006,4.257,4.182,1.018,
Barley,2007,7.16,4.902,1.461,
Barley,2008,7.997,5.015,1.594,
Barley,2009,7.865,4.422,1.779,
Barley,2010,7.995,3.681,2.172,
Barley,2011,8.221,3.718,2.211,
Barley,2012,7.472,3.644,2.05,
Barley,2013,9.174,3.814,2.405,
Barley,2014,8.646,4.078,2.12,
Barley,2015,8.992,4.108,2.189,
Barley,2016,13.506,4.834,2.794,
Barley,2017,9.254,4.124,2.244,
Barley,2018,8.819,4.437,1.988,
Barley,2019,10.127,5.041,2.009,
Barley,2020,14.649,5.491,2.668,Record high
Barley,2021,14.377,5.095,2.822,
Barley,2022,13.491,3.808,3.543,
Barley,2023,10.962,4.001,2.74,
Barley,2024,13.265,4.621,2.871,
Oats,1961,1.0,1.253,0.798,
Oats,1962,1.248,1.332,0.937,
Oats,1963,1.238,1.373,0.902,
Oats,1964,1.271,1.415,0.898,
Oats,1965,1.102,1.525,0.723,
Oats,1966,1.943,1.723,1.128,
Oats,1967,0.719,1.368,0.526,
Oats,1968,1.71,1.567,1.091,
Oats,1969,1.246,1.374,0.907,
Oats,1970,1.613,1.553,1.038,
Oats,1971,1.275,1.241,1.028,
Oats,1972,0.736,0.995,0.74,
Oats,1973,1.107,1.182,0.936,
Oats,1974,0.874,0.897,0.975,
Oats,1975,1.141,0.988,1.155,
Oats,1976,1.072,0.995,1.077,
Oats,1977,0.99,1.076,0.92,
Oats,1978,1.763,1.359,1.297,
Oats,1979,1.411,1.123,1.256,
Oats,1980,1.128,1.093,1.033,
Oats,1981,1.617,1.388,1.165,
Oats,1982,0.848,1.212,0.7,
Oats,1983,2.296,1.772,1.296,Record high
Oats,1984,1.367,1.041,1.314,
Oats,1985,1.33,1.068,1.244,
Oats,1986,1.619,1.169,1.385,
Oats,1987,1.733,1.302,1.331,
Oats,1988,1.838,1.309,1.404,
Oats,1989,1.64,1.089,1.507,
Oats,1990,1.53,1.044,1.466,
Oats,1991,1.69,1.16,1.457,
Oats,1992,1.937,1.149,1.685,
Oats,1993,1.647,0.947,1.739,
Oats,1994,0.924,0.897,1.03,
Oats,1995,1.875,1.136,1.65,
Oats,1996,1.653,1.052,1.571,
Oats,1997,1.634,0.937,1.744,
Oats,1998,1.798,0.909,1.978,
Oats,1999,1.118,0.584,1.914,
Oats,2000,1.05,0.65,1.614,
Oats,2001,1.434,0.784,1.828,
Oats,2002,0.957,0.911,1.05,
Oats,2003,2.018,1.089,1.853,
Oats,2004,1.283,0.894,1.435,
Oats,2005,1.688,0.93,1.814,
Oats,2006,0.748,1.003,0.746,
Oats,2007,1.502,1.238,1.214,
Oats,2008,1.16,0.87,1.333,
Oats,2009,1.162,0.85,1.366,
Oats,2010,1.128,0.826,1.365,
Oats,2011,1.262,0.731,1.726,
Oats,2012,1.121,0.729,1.539,
Oats,2013,1.255,0.715,1.756,
Oats,2014,1.198,0.854,1.402,
Oats,2015,1.3,0.821,1.582,
Oats,2016,2.266,1.028,2.204,
Oats,2017,1.228,0.874,1.405,
Oats,2018,1.135,0.938,1.209,
Oats,2019,1.143,0.816,1.401,
Oats,2020,1.898,1.07,1.774,
Oats,2021,1.735,0.842,2.06,
Oats,2022,0.96,0.569,1.687,
Oats,2023,0.737,0.542,1.361,Low since 1990
Oats,2024,1.315,0.742,1.772,
Sorghum,1961,0.163,0.103,1.581,
Sorghum,1962,0.255,0.147,1.736,
Sorghum,1963,0.279,0.158,1.762,
Sorghum,1964,0.215,0.148,1.451,
Sorghum,1965,0.195,0.14,1.394,
Sorghum,1966,0.195,0.175,1.109,
Sorghum,1967,0.319,0.203,1.568,
Sorghum,1968,0.288,0.187,1.541,
Sorghum,1969,0.294,0.21,1.404,
Sorghum,1970,0.547,0.359,1.526,
Sorghum,1971,1.298,0.552,2.351,
Sorghum,1972,1.228,0.638,1.924,
Sorghum,1973,1.018,0.697,1.46,
Sorghum,1974,1.061,0.54,1.966,
Sorghum,1975,0.901,0.511,1.763,
Sorghum,1976,1.124,0.504,2.23,
Sorghum,1977,0.956,0.532,1.797,
Sorghum,1978,0.714,0.394,1.813,
Sorghum,1979,1.125,0.469,2.4,
Sorghum,1980,0.922,0.519,1.778,
Sorghum,1981,1.204,0.658,1.83,
Sorghum,1982,1.317,0.649,2.029,
Sorghum,1983,0.958,0.707,1.356,
Sorghum,1984,1.885,0.73,2.582,
Sorghum,1985,1.369,0.723,1.894,
Sorghum,1986,1.416,0.734,1.928,
Sorghum,1987,1.419,0.818,1.734,
Sorghum,1988,1.633,0.745,2.192,
Sorghum,1989,1.244,0.625,1.99,
Sorghum,1990,0.946,0.38,2.488,
Sorghum,1991,0.751,0.378,1.986,
Sorghum,1992,1.447,0.569,2.543,
Sorghum,1993,0.548,0.427,1.283,
Sorghum,1994,1.084,0.499,2.17,
Sorghum,1995,1.273,0.686,1.856,
Sorghum,1996,1.592,0.77,2.068,
Sorghum,1997,1.425,0.544,2.62,
Sorghum,1998,1.081,0.507,2.132,
Sorghum,1999,1.891,0.587,3.222,
Sorghum,2000,2.116,0.622,3.4,
Sorghum,2001,1.935,0.758,2.554,
Sorghum,2002,2.021,0.823,2.456,
Sorghum,2003,1.465,0.667,2.197,
Sorghum,2004,2.009,0.734,2.737,
Sorghum,2005,2.011,0.755,2.663,
Sorghum,2006,1.932,0.767,2.52,
Sorghum,2007,1.283,0.613,2.092,
Sorghum,2008,3.79,0.942,4.025,Record high
Sorghum,2009,2.692,0.767,3.51,
Sorghum,2010,1.508,0.498,3.028,
Sorghum,2011,1.935,0.633,3.056,
Sorghum,2012,2.239,0.659,3.396,
Sorghum,2013,2.23,0.648,3.442,
Sorghum,2014,1.282,0.532,2.41,
Sorghum,2015,2.209,0.732,3.016,
Sorghum,2016,1.791,0.521,3.44,
Sorghum,2017,0.994,0.368,2.702,
Sorghum,2018,1.257,0.462,2.72,
Sorghum,2019,1.16,0.55,2.109,
Sorghum,2020,0.397,0.204,1.947,Low since 1990
Sorghum,2021,1.639,0.573,2.862,
Sorghum,2022,2.648,0.622,4.261,
Sorghum,2023,2.326,0.703,3.307,
Sorghum,2024,2.441,0.775,3.151,
Wheat,1961,6.727,5.958,1.129,
Wheat,1962,8.353,6.665,1.253,
Wheat,1963,8.924,6.667,1.339,
Wheat,1964,10.037,7.251,1.384,
Wheat,1965,7.067,7.088,0.997,
Wheat,1966,12.699,8.427,1.507,
Wheat,1967,7.547,9.082,0.831,
Wheat,1968,14.804,10.845,1.365,
Wheat,1969,10.546,9.486,1.112,
Wheat,1970,7.89,6.478,1.218,
Wheat,1971,8.606,7.138,1.206,
Wheat,1972,6.59,7.604,0.867,
Wheat,1973,11.987,8.948,1.34,
Wheat,1974,11.357,8.308,1.367,
Wheat,1975,11.982,8.555,1.401,
Wheat,1976,11.8,8.956,1.318,
Wheat,1977,9.37,9.955,0.941,
Wheat,1978,18.09,10.249,1.765,
Wheat,1979,16.188,11.153,1.452,
Wheat,1980,10.856,11.283,0.962,
Wheat,1981,16.36,11.885,1.376,
Wheat,1982,8.876,11.52,0.77,
Wheat,1983,22.016,12.931,1.703,
Wheat,1984,18.666,12.078,1.546,
Wheat,1985,15.999,11.682,1.37,
Wheat,1986,16.119,11.135,1.448,
Wheat,1987,12.287,9.005,1.364,
Wheat,1988,13.935,8.827,1.579,
Wheat,1989,14.214,9.004,1.579,
Wheat,1990,15.066,9.218,1.634,
Wheat,1991,10.557,7.183,1.47,
Wheat,1992,14.739,8.275,1.781,
Wheat,1993,16.479,8.383,1.966,
Wheat,1994,8.961,7.891,1.136,Low since 1990
Wheat,1995,16.504,9.221,1.79,
Wheat,1996,22.924,10.936,2.096,
Wheat,1997,19.224,10.441,1.841,
Wheat,1998,21.465,11.543,1.86,
Wheat,1999,24.757,12.338,2.007,
Wheat,2000,22.108,12.141,1.821,
Wheat,2001,24.299,11.529,2.108,
Wheat,2002,10.132,11.17,0.907,
Wheat,2003,26.132,13.067,2.0,
Wheat,2004,21.905,13.399,1.635,
Wheat,2005,25.15,12.443,2.021,
Wheat,2006,10.822,11.798,0.917,
Wheat,2007,13.569,12.578,1.079,
Wheat,2008,21.42,13.53,1.583,
Wheat,2009,21.834,13.881,1.573,
Wheat,2010,27.41,13.502,2.03,
Wheat,2011,29.905,13.902,2.151,
Wheat,2012,22.856,12.979,1.761,
Wheat,2013,25.303,12.613,2.006,
Wheat,2014,23.743,12.384,1.917,
Wheat,2015,22.275,11.282,1.974,
Wheat,2016,31.819,12.191,2.61,
Wheat,2017,20.941,10.919,1.918,
Wheat,2018,17.598,10.402,1.692,
Wheat,2019,14.48,9.863,1.468,
Wheat,2020,31.923,12.643,2.525,
Wheat,2021,36.237,12.728,2.847,
Wheat,2022,41.199,12.925,3.188,Record high
Wheat,2023,28.028,10.507,2.668,
Wheat,2024,34.11,13.06,2.612,
