state,from_year,to_year,from_tonnes,to_tonnes,change_tonnes,change_pct,period
New South Wales,2022-23,2023-24,14160538,11185935,-2974603,-21.0,2022-23 to 2023-24
Queensland,2022-23,2023-24,5599678,3202599,-2397079,-42.8,2022-23 to 2023-24
South Australia,2022-23,2023-24,9639049,6495428,-3143621,-32.6,2022-23 to 2023-24
Tasmania,2022-23,2023-24,63248,65056,1808,2.9,2022-23 to 2023-24
Victoria,2022-23,2023-24,7373341,7983820,610479,8.3,2022-23 to 2023-24
Western Australia,2022-23,2023-24,21134746,13235689,-7899057,-37.4,2022-23 to 2023-24
New South Wales,2023-24,2024-25,11185935,17395552,6209617,55.5,2023-24 to 2024-25
Queensland,2023-24,2024-25,3202599,4656962,1454363,45.4,2023-24 to 2024-25
South Australia,2023-24,2024-25,6495428,3856571,-2638857,-40.6,2023-24 to 2024-25
Tasmania,2023-24,2024-25,65056,58355,-6701,-10.3,2023-24 to 2024-25
Victoria,2023-24,2024-25,7983820,6449236,-1534584,-19.2,2023-24 to 2024-25
Western Australia,2023-24,2024-25,13235689,19835283,6599594,49.9,2023-24 to 2024-25
New South Wales,2022-23,2024-25,14160538,17395552,3235014,22.8,2022-23 to 2024-25
Queensland,2022-23,2024-25,5599678,4656962,-942716,-16.8,2022-23 to 2024-25
South Australia,2022-23,2024-25,9639049,3856571,-5782478,-60.0,2022-23 to 2024-25
Tasmania,2022-23,2024-25,63248,58355,-4893,-7.7,2022-23 to 2024-25
Victoria,2022-23,2024-25,7373341,6449236,-924105,-12.5,2022-23 to 2024-25
Western Australia,2022-23,2024-25,21134746,19835283,-1299463,-6.1,2022-23 to 2024-25
