state,crop,year,tonnes,share_pct,recorded,state_total
New South Wales,Wheat,2022-23,11194843.0,79.06,True,14160538
New South Wales,Wheat,2023-24,8387085.0,74.98,True,11185935
New South Wales,Wheat,2024-25,13076622.0,75.17,True,17395552
New South Wales,Barley,2022-23,2123557.0,15.0,True,14160538
New South Wales,Barley,2023-24,1880564.0,16.81,True,11185935
New South Wales,Barley,2024-25,3249806.0,18.68,True,17395552
New South Wales,Oats,2022-23,82426.0,0.58,True,14160538
New South Wales,Oats,2023-24,80341.0,0.72,True,11185935
New South Wales,Oats,2024-25,126888.0,0.73,True,17395552
New South Wales,Sorghum,2022-23,759712.0,5.36,True,14160538
New South Wales,Sorghum,2023-24,837945.0,7.49,True,11185935
New South Wales,Sorghum,2024-25,942236.0,5.42,True,17395552
Queensland,Wheat,2022-23,3471722.0,62.0,True,5599678
Queensland,Wheat,2023-24,1240163.0,38.72,True,3202599
Queensland,Wheat,2024-25,2142973.0,46.02,True,4656962
Queensland,Barley,2022-23,571159.0,10.2,True,5599678
Queensland,Barley,2023-24,373054.0,11.65,True,3202599
Queensland,Barley,2024-25,863626.0,18.54,True,4656962
Queensland,Oats,2022-23,1415.0,0.03,True,5599678
Queensland,Oats,2023-24,2201.0,0.07,True,3202599
Queensland,Oats,2024-25,1401.0,0.03,True,4656962
Queensland,Sorghum,2022-23,1555382.0,27.78,True,5599678
Queensland,Sorghum,2023-24,1587181.0,49.56,True,3202599
Queensland,Sorghum,2024-25,1648962.0,35.41,True,4656962
South Australia,Wheat,2022-23,6829575.0,70.85,True,9639049
South Australia,Wheat,2023-24,4600086.0,70.82,True,6495428
South Australia,Wheat,2024-25,2882114.0,74.73,True,3856571
South Australia,Barley,2022-23,2782564.0,28.87,True,9639049
South Australia,Barley,2023-24,1876462.0,28.89,True,6495428
South Australia,Barley,2024-25,961332.0,24.93,True,3856571
South Australia,Oats,2022-23,23308.0,0.24,True,9639049
South Australia,Oats,2023-24,16390.0,0.25,True,6495428
South Australia,Oats,2024-25,13125.0,0.34,True,3856571
South Australia,Sorghum,2022-23,3602.0,0.04,True,9639049
South Australia,Sorghum,2023-24,2490.0,0.04,True,6495428
South Australia,Sorghum,2024-25,,,False,3856571
Tasmania,Wheat,2022-23,37913.0,59.94,True,63248
Tasmania,Wheat,2023-24,38965.0,59.89,True,65056
Tasmania,Wheat,2024-25,33627.0,57.62,True,58355
Tasmania,Barley,2022-23,24668.0,39.0,True,63248
Tasmania,Barley,2023-24,24973.0,38.39,True,65056
Tasmania,Barley,2024-25,23803.0,40.79,True,58355
Tasmania,Oats,2022-23,667.0,1.05,True,63248
Tasmania,Oats,2023-24,1118.0,1.72,True,65056
Tasmania,Oats,2024-25,925.0,1.59,True,58355
Tasmania,Sorghum,2022-23,,,False,63248
Tasmania,Sorghum,2023-24,,,False,65056
Tasmania,Sorghum,2024-25,,,False,58355
Victoria,Wheat,2022-23,4976114.0,67.49,True,7373341
Victoria,Wheat,2023-24,5285751.0,66.21,True,7983820
Victoria,Wheat,2024-25,4197337.0,65.08,True,6449236
Victoria,Barley,2022-23,2285305.0,30.99,True,7373341
Victoria,Barley,2023-24,2593746.0,32.49,True,7983820
Victoria,Barley,2024-25,2135729.0,33.12,True,6449236
Victoria,Oats,2022-23,104613.0,1.42,True,7373341
Victoria,Oats,2023-24,93408.0,1.17,True,7983820
Victoria,Oats,2024-25,106590.0,1.65,True,6449236
Victoria,Sorghum,2022-23,7309.0,0.1,True,7373341
Victoria,Sorghum,2023-24,10915.0,0.14,True,7983820
Victoria,Sorghum,2024-25,9580.0,0.15,True,6449236
Western Australia,Wheat,2022-23,14682964.0,69.47,True,21134746
Western Australia,Wheat,2023-24,8476379.0,64.04,True,13235689
Western Australia,Wheat,2024-25,12430868.0,62.67,True,19835283
Western Australia,Barley,2022-23,5704122.0,26.99,True,21134746
Western Australia,Barley,2023-24,4213087.0,31.83,True,13235689
Western Australia,Barley,2024-25,6499110.0,32.77,True,19835283
Western Australia,Oats,2022-23,747399.0,3.54,True,21134746
Western Australia,Oats,2023-24,543662.0,4.11,True,13235689
Western Australia,Oats,2024-25,902583.0,4.55,True,19835283
Western Australia,Sorghum,2022-23,261.0,0.0,True,21134746
Western Australia,Sorghum,2023-24,2561.0,0.02,True,13235689
Western Australia,Sorghum,2024-25,2722.0,0.01,True,19835283
