adm0_a3,country,crop,year,production_t,area_ha,yield_t_ha
NZL,New Zealand,Barley,2024,355515.0,46155.0,7.703
CHL,Chile,Barley,2024,189333.31,25272.0,7.492
IRL,Ireland,Barley,2024,1282050.0,181430.0,7.066
ZMB,Zambia,Barley,2024,8153.61,1261.0,6.466
DEU,Germany,Barley,2024,10610000.0,1660000.0,6.392
BEL,Belgium,Barley,2024,300910.0,48150.0,6.249
NLD,Netherlands (Kingdom of the),Barley,2024,235710.0,38180.0,6.174
GBR,United Kingdom of Great Britain and Northern Ireland,Barley,2024,7091000.0,1194000.0,5.939
SAU,Saudi Arabia,Barley,2024,11775.13,2053.0,5.736
AUT,Austria,Barley,2024,720290.0,125680.0,5.731
BGR,Bulgaria,Barley,2024,1101440.0,196380.0,5.609
DNK,Denmark,Barley,2024,3141150.0,571400.0,5.497
ZWE,Zimbabwe,Barley,2024,58150.76,10641.0,5.465
HUN,Hungary,Barley,2024,1554570.0,285240.0,5.45
FRA,France,Barley,2024,9669250.0,1808500.0,5.347
SRB,Serbia,Barley,2024,518761.07,98213.0,5.282
CZE,Czechia,Barley,2024,1671530.0,317120.0,5.271
LUX,Luxembourg,Barley,2024,32920.0,6390.0,5.152
HRV,Croatia,Barley,2024,301390.0,60210.0,5.006
SVN,Slovenia,Barley,2024,100700.0,20860.0,4.827
SVK,Slovakia,Barley,2024,595040.0,126490.0,4.704
CHE,Switzerland,Barley,2024,116805.5,25348.0,4.608
SWE,Sweden,Barley,2024,1263900.0,284260.0,4.446
NOR,Norway,Barley,2024,645000.0,145542.0,4.432
POL,Poland,Barley,2024,2960050.0,695310.0,4.257
ROU,Romania,Barley,2024,2203260.0,531050.0,4.149
USA,United States of America,Barley,2024,3131660.0,758790.0,4.127
EGY,Egypt,Barley,2024,90000.0,22000.0,4.091
URY,Uruguay,Barley,2024,828977.95,208059.0,3.984
PRT,Portugal,Barley,2024,45760.0,11490.0,3.983
ARG,Argentina,Barley,2024,5097340.0,1296636.0,3.931
LTU,Lithuania,Barley,2024,748510.0,191720.0,3.904
ITA,Italy,Barley,2024,918580.0,239080.0,3.842
UKR,Ukraine,Barley,2024,5313880.0,1398200.0,3.801
ZAF,South Africa,Barley,2024,374000.0,100700.0,3.714
CHN,"China, mainland",Barley,2024,985986.05,268182.0,3.677
FIN,Finland,Barley,2024,1178950.0,321900.0,3.662
BRA,Brazil,Barley,2024,427956.0,117088.0,3.655
BIH,Bosnia and Herzegovina,Barley,2024,77697.0,21404.0,3.63
KEN,Kenya,Barley,2024,48237.22,13929.0,3.463
CAN,Canada,Barley,2024,8143897.0,2394100.0,3.402
EST,Estonia,Barley,2024,315200.0,95060.0,3.316
ESP,Spain,Barley,2024,7440970.0,2264270.0,3.286
MKD,North Macedonia,Barley,2024,145149.0,44739.0,3.244
ALB,Albania,Barley,2024,23791.8,7500.0,3.172
MDA,Republic of Moldova,Barley,2024,200444.0,64295.0,3.118
IND,India,Barley,2024,1699235.48,551317.0,3.082
LVA,Latvia,Barley,2024,252900.0,84600.0,2.989
BLR,Belarus,Barley,2024,1100000.0,370000.0,2.973
AZE,Azerbaijan,Barley,2024,1067118.87,361087.0,2.955
AUS,Australia,Barley,2024,13265000.0,4621000.0,2.871
GRC,Greece,Barley,2024,333170.0,116120.0,2.869
JPN,Japan,Barley,2024,185600.0,65000.0,2.855
COL,Colombia,Barley,2024,10488.0,3760.0,2.789
MEX,Mexico,Barley,2024,827490.98,300558.0,2.753
RUS,Russian Federation,Barley,2024,16667000.0,6464589.0,2.578
TUR,Türkiye,Barley,2024,8100000.0,3193649.0,2.536
KGZ,Kyrgyzstan,Barley,2024,611050.0,247837.0,2.466
THA,Thailand,Barley,2024,190988.33,77732.0,2.457
TJK,Tajikistan,Barley,2024,165000.0,70000.0,2.357
ETH,Ethiopia,Barley,2024,2517344.2,1069033.0,2.355
IRN,Iran (Islamic Republic of),Barley,2024,4000000.0,1714904.0,2.332
KOR,Republic of Korea,Barley,2024,47730.0,23298.0,2.049
PER,Peru,Barley,2024,244113.66,119255.0,2.047
GEO,Georgia,Barley,2024,48400.0,23800.0,2.034
TKM,Turkmenistan,Barley,2024,64558.95,32587.0,1.981
ISL,Iceland,Barley,2024,4986.0,2528.0,1.972
TZA,United Republic of Tanzania,Barley,2024,7544.5,3864.0,1.953
LBN,Lebanon,Barley,2024,20000.0,11300.0,1.77
ARM,Armenia,Barley,2024,71938.6,41663.0,1.727
KAZ,Kazakhstan,Barley,2024,3839683.88,2283246.0,1.682
UZB,Uzbekistan,Barley,2024,157984.54,98985.0,1.596
ECU,Ecuador,Barley,2024,10462.13,6637.0,1.576
ERI,Eritrea,Barley,2024,65000.0,45000.0,1.444
AFG,Afghanistan,Barley,2024,100000.0,70000.0,1.429
NPL,Nepal,Barley,2024,24931.0,18599.0,1.34
TUN,Tunisia,Barley,2024,300000.0,225000.0,1.333
DZA,Algeria,Barley,2024,1000000.0,797601.0,1.254
JOR,Jordan,Barley,2024,43179.94,35805.0,1.206
PRK,Democratic People's Republic of Korea,Barley,2024,53060.17,44671.0,1.188
SYR,Syrian Arab Republic,Barley,2024,1572020.0,1358926.0,1.157
PAK,Pakistan,Barley,2024,43878.0,40235.0,1.091
YEM,Yemen,Barley,2024,30000.0,28000.0,1.071
ISR,Israel,Barley,2024,7200.0,6893.0,1.045
MNG,Mongolia,Barley,2024,9111.07,8762.0,1.04
CYP,Cyprus,Barley,2024,6590.0,6820.0,0.966
IRQ,Iraq,Barley,2024,164495.0,173042.0,0.951
MAR,Morocco,Barley,2024,659225.18,693793.0,0.95
BOL,Bolivia (Plurinational State of),Barley,2024,47246.23,53713.0,0.88
COD,Democratic Republic of the Congo,Barley,2024,1007.09,1514.0,0.665
LBY,Libya,Barley,2024,65000.0,126698.0,0.513
IRL,Ireland,Oats,2024,226020.0,29770.0,7.592
GBR,United Kingdom of Great Britain and Northern Ireland,Oats,2024,986000.0,182046.0,5.416
CHL,Chile,Oats,2024,457567.02,85215.0,5.37
NZL,New Zealand,Oats,2024,23332.0,4420.0,5.279
DNK,Denmark,Oats,2024,253680.0,51910.0,4.887
LUX,Luxembourg,Oats,2024,6090.0,1270.0,4.795
DEU,Germany,Oats,2024,696800.0,156200.0,4.461
BEL,Belgium,Oats,2024,14080.0,3210.0,4.386
NLD,Netherlands (Kingdom of the),Oats,2024,6040.0,1380.0,4.377
NOR,Norway,Oats,2024,283000.0,69523.0,4.071
SWE,Sweden,Oats,2024,622500.0,157430.0,3.954
AUT,Austria,Oats,2024,68000.0,17450.0,3.897
FRA,France,Oats,2024,302700.0,78200.0,3.871
CZE,Czechia,Oats,2024,200640.0,52620.0,3.813
FIN,Finland,Oats,2024,1221540.0,328300.0,3.721
CHE,Switzerland,Oats,2024,7567.0,2135.0,3.544
CHN,"China, mainland",Oats,2024,534688.55,154830.0,3.453
BIH,Bosnia and Herzegovina,Oats,2024,40611.0,11840.0,3.43
CAN,Canada,Oats,2024,3357551.0,993200.0,3.381
HRV,Croatia,Oats,2024,54940.0,16750.0,3.28
POL,Poland,Oats,2024,1616910.0,519000.0,3.115
HUN,Hungary,Oats,2024,77130.0,25510.0,3.024
SRB,Serbia,Oats,2024,42238.94,14328.0,2.948
EST,Estonia,Oats,2024,134900.0,48360.0,2.789
USA,United States of America,Oats,2024,984010.0,358560.0,2.744
TUR,Türkiye,Oats,2024,390000.0,142587.0,2.735
SVK,Slovakia,Oats,2024,31870.0,11980.0,2.66
UKR,Ukraine,Oats,2024,457140.0,173800.0,2.63
LVA,Latvia,Oats,2024,263100.0,104900.0,2.508
BGR,Bulgaria,Oats,2024,56450.0,23570.0,2.395
ALB,Albania,Oats,2024,31949.5,13877.0,2.302
ESP,Spain,Oats,2024,1162540.0,514060.0,2.261
ITA,Italy,Oats,2024,211980.0,94320.0,2.247
URY,Uruguay,Oats,2024,36010.47,16161.0,2.228
LTU,Lithuania,Oats,2024,236710.0,107880.0,2.194
AZE,Azerbaijan,Oats,2024,9372.44,4431.0,2.115
ROU,Romania,Oats,2024,143640.0,68770.0,2.089
BLR,Belarus,Oats,2024,320000.0,155000.0,2.065
ARG,Argentina,Oats,2024,564909.0,277521.0,2.036
BRA,Brazil,Oats,2024,1091883.0,539317.0,2.025
MEX,Mexico,Oats,2024,74602.88,38160.0,1.955
ETH,Ethiopia,Oats,2024,53442.61,28172.0,1.897
RUS,Russian Federation,Oats,2024,3000000.0,1600000.0,1.875
PER,Peru,Oats,2024,26568.0,14496.0,1.833
AUS,Australia,Oats,2024,1315000.0,742000.0,1.772
KAZ,Kazakhstan,Oats,2024,329814.16,193199.0,1.707
GEO,Georgia,Oats,2024,2300.0,1400.0,1.643
PRT,Portugal,Oats,2024,58820.0,36100.0,1.629
BOL,Bolivia (Plurinational State of),Oats,2024,22327.52,14685.0,1.52
ARM,Armenia,Oats,2024,9645.9,6507.0,1.482
MNG,Mongolia,Oats,2024,35601.47,24518.0,1.452
MKD,North Macedonia,Oats,2024,3689.0,2587.0,1.426
ZAF,South Africa,Oats,2024,42800.0,31000.0,1.381
TJK,Tajikistan,Oats,2024,2661.33,1959.0,1.359
DZA,Algeria,Oats,2024,105000.0,80000.0,1.312
MDA,Republic of Moldova,Oats,2024,2097.0,1621.0,1.294
PRK,Democratic People's Republic of Korea,Oats,2024,14037.62,10916.0,1.286
GRC,Greece,Oats,2024,82310.0,66740.0,1.233
KEN,Kenya,Oats,2024,3668.11,3647.0,1.006
ECU,Ecuador,Oats,2024,867.66,1160.0,0.748
MAR,Morocco,Oats,2024,11012.5,16252.0,0.678
TUN,Tunisia,Oats,2024,1686.57,4388.0,0.384
OMN,Oman,Sorghum,2024,194206.0,3444.0,56.39
ISR,Israel,Sorghum,2024,33599.11,2355.0,14.267
AUT,Austria,Sorghum,2024,36440.0,5500.0,6.625
UZB,Uzbekistan,Sorghum,2024,29358.89,4771.0,6.154
ITA,Italy,Sorghum,2024,256040.0,43280.0,5.916
EGY,Egypt,Sorghum,2024,780000.0,150000.0,5.2
CHN,"China, mainland",Sorghum,2024,3069546.49,643496.0,4.77
FRA,France,Sorghum,2024,447110.0,100480.0,4.45
PNG,Papua New Guinea,Sorghum,2024,4999.71,1129.0,4.428
ESP,Spain,Sorghum,2024,27210.0,6500.0,4.186
SVK,Slovakia,Sorghum,2024,31200.0,7550.0,4.132
ARG,Argentina,Sorghum,2024,2495532.0,626182.0,3.985
HUN,Hungary,Sorghum,2024,164550.0,41380.0,3.977
USA,United States of America,Sorghum,2024,8734190.0,2268290.0,3.851
MEX,Mexico,Sorghum,2024,4525322.34,1286645.0,3.517
URY,Uruguay,Sorghum,2024,65036.9,19945.0,3.261
SRB,Serbia,Sorghum,2024,8306.75,2624.0,3.166
AUS,Australia,Sorghum,2024,2441091.0,774646.0,3.151
BRA,Brazil,Sorghum,2024,4090428.0,1363415.0,3.0
BLZ,Belize,Sorghum,2024,24084.0,8494.0,2.835
IRQ,Iraq,Sorghum,2024,9635.0,3437.0,2.803
SAU,Saudi Arabia,Sorghum,2024,168327.7,60475.0,2.783
BOL,Bolivia (Plurinational State of),Sorghum,2024,1771084.95,648842.0,2.73
UKR,Ukraine,Sorghum,2024,46470.0,17900.0,2.596
GRC,Greece,Sorghum,2024,4450.0,1750.0,2.543
ETH,Ethiopia,Sorghum,2024,4100000.0,1650000.0,2.485
PRY,Paraguay,Sorghum,2024,44208.42,18617.0,2.375
COL,Colombia,Sorghum,2024,9070.0,3820.0,2.374
ZAF,South Africa,Sorghum,2024,98000.0,42100.0,2.328
VEN,Venezuela (Bolivarian Republic of),Sorghum,2024,42079.55,18695.0,2.251
SYR,Syrian Arab Republic,Sorghum,2024,7209.0,3582.0,2.013
BGR,Bulgaria,Sorghum,2024,11640.0,5950.0,1.956
ROU,Romania,Sorghum,2024,24880.0,13030.0,1.909
THA,Thailand,Sorghum,2024,50000.0,27000.0,1.852
KOR,Republic of Korea,Sorghum,2024,2932.34,1632.0,1.797
MDA,Republic of Moldova,Sorghum,2024,10885.0,6305.0,1.726
SEN,Senegal,Sorghum,2024,445000.0,260000.0,1.712
ECU,Ecuador,Sorghum,2024,14288.42,8373.0,1.706
CMR,Cameroon,Sorghum,2024,1200000.0,740000.0,1.622
SLV,El Salvador,Sorghum,2024,99000.0,61369.0,1.613
CUB,Cuba,Sorghum,2024,3628.27,2413.0,1.504
GIN,Guinea,Sorghum,2024,65000.0,45000.0,1.444
BWA,Botswana,Sorghum,2024,30000.0,22646.0,1.325
PRK,Democratic People's Republic of Korea,Sorghum,2024,36463.4,27537.0,1.324
BEN,Benin,Sorghum,2024,279269.34,212347.0,1.315
RUS,Russian Federation,Sorghum,2024,108433.41,85510.0,1.268
GHA,Ghana,Sorghum,2024,479000.0,380192.0,1.26
GTM,Guatemala,Sorghum,2024,37619.73,30295.0,1.242
RWA,Rwanda,Sorghum,2024,187766.21,154724.0,1.214
IND,India,Sorghum,2024,5413004.64,4611653.0,1.174
GNB,Guinea-Bissau,Sorghum,2024,29000.0,25000.0,1.16
HND,Honduras,Sorghum,2024,15000.0,13785.0,1.088
KAZ,Kazakhstan,Sorghum,2024,20959.66,19334.0,1.084
TZA,United Republic of Tanzania,Sorghum,2024,800000.0,750000.0,1.067
NGA,Nigeria,Sorghum,2024,6500000.0,6100000.0,1.066
MWI,Malawi,Sorghum,2024,102000.0,96872.0,1.053
TWN,"China, Taiwan Province of",Sorghum,2024,2000.0,2000.0,1.0
SLE,Sierra Leone,Sorghum,2024,60000.0,60000.0,1.0
SWZ,Eswatini,Sorghum,2024,1000.0,1000.0,1.0
BFA,Burkina Faso,Sorghum,2024,1900000.0,1900000.0,1.0
KEN,Kenya,Sorghum,2024,243000.0,250432.0,0.97
MLI,Mali,Sorghum,2024,1640848.0,1693748.0,0.969
TGO,Togo,Sorghum,2024,310000.0,320000.0,0.969
MMR,Myanmar,Sorghum,2024,166003.56,173862.0,0.955
SDS,South Sudan,Sorghum,2024,960000.0,1018687.0,0.942
MAR,Morocco,Sorghum,2024,2015.4,2258.0,0.893
PAK,Pakistan,Sorghum,2024,37698.0,45563.0,0.827
GMB,Gambia,Sorghum,2024,5455.51,7251.0,0.752
TCD,Chad,Sorghum,2024,720086.0,1005413.0,0.716
UGA,Uganda,Sorghum,2024,225000.0,320000.0,0.703
COD,Democratic Republic of the Congo,Sorghum,2024,9009.0,13000.0,0.693
CIV,Côte d'Ivoire,Sorghum,2024,66489.0,100000.0,0.665
SDN,Sudan,Sorghum,2024,5393620.0,8525030.0,0.633
ZMB,Zambia,Sorghum,2024,2864.9,4524.0,0.633
MOZ,Mozambique,Sorghum,2024,145192.0,239352.0,0.607
BDI,Burundi,Sorghum,2024,30000.0,49750.0,0.603
YEM,Yemen,Sorghum,2024,190000.0,333017.0,0.571
MDG,Madagascar,Sorghum,2024,1387.16,2447.0,0.567
NER,Niger,Sorghum,2024,1907733.4,3429220.0,0.556
HTI,Haiti,Sorghum,2024,13000.0,24463.0,0.531
ERI,Eritrea,Sorghum,2024,140000.0,270000.0,0.519
TUN,Tunisia,Sorghum,2024,1212.72,2351.0,0.516
CAF,Central African Republic,Sorghum,2024,20000.0,40000.0,0.5
MRT,Mauritania,Sorghum,2024,114000.0,240000.0,0.475
ZWE,Zimbabwe,Sorghum,2024,82063.0,175839.0,0.467
LSO,Lesotho,Sorghum,2024,6261.0,15814.0,0.396
AGO,Angola,Sorghum,2024,38275.0,155771.0,0.246
SOM,Somalia,Sorghum,2024,56000.0,250000.0,0.224
NAM,Namibia,Sorghum,2024,753.0,28421.0,0.026
NZL,New Zealand,Wheat,2024,464602.0,46395.0,10.014
IRL,Ireland,Wheat,2024,388510.0,47730.0,8.14
GBR,United Kingdom of Great Britain and Northern Ireland,Wheat,2024,11146000.0,1530771.0,7.281
ZMB,Zambia,Wheat,2024,198886.38,28052.0,7.09
DEU,Germany,Wheat,2024,18526700.0,2615200.0,7.084
NAM,Namibia,Wheat,2024,18328.0,2594.0,7.066
DNK,Denmark,Wheat,2024,3348010.0,475600.0,7.04
NLD,Netherlands (Kingdom of the),Wheat,2024,668170.0,95850.0,6.971
EGY,Egypt,Wheat,2024,9400000.0,1386892.0,6.778
BEL,Belgium,Wheat,2024,1090040.0,164540.0,6.625
SAU,Saudi Arabia,Wheat,2024,820392.78,129202.0,6.35
SWE,Sweden,Wheat,2024,2930600.0,475020.0,6.169
CHL,Chile,Wheat,2024,1188784.86,198067.0,6.002
FRA,France,Wheat,2024,26606940.0,4454180.0,5.973
CZE,Czechia,Wheat,2024,4625370.0,776500.0,5.957
CHN,"China, mainland",Wheat,2024,140100000.0,23587400.0,5.94
BGR,Bulgaria,Wheat,2024,7085140.0,1194510.0,5.931
HRV,Croatia,Wheat,2024,828200.0,140800.0,5.882
AUT,Austria,Wheat,2024,1576010.0,274230.0,5.747
HUN,Hungary,Wheat,2024,5272960.0,922910.0,5.713
MEX,Mexico,Wheat,2024,2648377.74,468036.0,5.658
SVN,Slovenia,Wheat,2024,153390.0,28040.0,5.47
SVK,Slovakia,Wheat,2024,1907940.0,350360.0,5.446
UZB,Uzbekistan,Wheat,2024,6729357.31,1243993.0,5.409
SRB,Serbia,Wheat,2024,2900536.06,549032.0,5.283
LUX,Luxembourg,Wheat,2024,65860.0,12710.0,5.182
POL,Poland,Wheat,2024,12183620.0,2385690.0,5.107
LTU,Lithuania,Wheat,2024,4219300.0,836970.0,5.041
ZWE,Zimbabwe,Wheat,2024,540000.0,111044.0,4.863
BIH,Bosnia and Herzegovina,Wheat,2024,279273.0,59168.0,4.72
UKR,Ukraine,Wheat,2024,22441110.0,4883800.0,4.595
LVA,Latvia,Wheat,2024,2465900.0,540000.0,4.566
JPN,Japan,Wheat,2024,1029000.0,231800.0,4.439
EST,Estonia,Wheat,2024,744750.0,173320.0,4.297
URY,Uruguay,Wheat,2024,1295414.68,302863.0,4.277
ROU,Romania,Wheat,2024,9290880.0,2271230.0,4.091
ALB,Albania,Wheat,2024,180812.2,45970.0,3.933
KOR,Republic of Korea,Wheat,2024,37376.0,9536.0,3.919
NOR,Norway,Wheat,2024,230000.0,59184.0,3.886
BLR,Belarus,Wheat,2024,2750000.0,720000.0,3.819
ZAF,South Africa,Wheat,2024,1924890.0,505300.0,3.809
BGD,Bangladesh,Wheat,2024,1172242.0,311677.0,3.761
CHE,Switzerland,Wheat,2024,311807.0,84993.0,3.669
ITA,Italy,Wheat,2024,6213210.0,1697750.0,3.66
ESP,Spain,Wheat,2024,7147930.0,1956210.0,3.654
IND,India,Wheat,2024,113292368.0,31832884.0,3.559
FIN,Finland,Wheat,2024,759380.0,214750.0,3.536
USA,United States of America,Wheat,2024,53650020.0,15568020.0,3.446
MKD,North Macedonia,Wheat,2024,229309.0,67226.0,3.411
CAN,Canada,Wheat,2024,35938839.0,10652000.0,3.374
PRT,Portugal,Wheat,2024,81350.0,24110.0,3.374
AZE,Azerbaijan,Wheat,2024,1901046.08,567818.0,3.348
PAK,Pakistan,Wheat,2024,31814444.0,9734249.0,3.268
TJK,Tajikistan,Wheat,2024,880734.0,270641.0,3.254
MDA,Republic of Moldova,Wheat,2024,1194779.0,368254.0,3.244
GRC,Greece,Wheat,2024,1209310.0,376950.0,3.208
SDN,Sudan,Wheat,2024,490320.0,155830.0,3.147
OMN,Oman,Wheat,2024,11740.0,3749.0,3.132
COL,Colombia,Wheat,2024,4636.0,1490.0,3.111
NER,Niger,Wheat,2024,6803.0,2216.0,3.07
RUS,Russian Federation,Wheat,2024,82588000.0,26953256.0,3.064
KEN,Kenya,Wheat,2024,312200.0,102560.0,3.044
TUR,Türkiye,Wheat,2024,20800000.0,6925108.0,3.004
NPL,Nepal,Wheat,2024,2035559.0,681851.0,2.985
LBN,Lebanon,Wheat,2024,94000.0,31647.0,2.97
MLI,Mali,Wheat,2024,40788.0,13755.0,2.965
ARG,Argentina,Wheat,2024,18510280.0,6341303.0,2.919
ETH,Ethiopia,Wheat,2024,6185341.31,2129952.0,2.904
GEO,Georgia,Wheat,2024,149100.0,52300.0,2.851
KGZ,Kyrgyzstan,Wheat,2024,664830.0,240182.0,2.768
BRA,Brazil,Wheat,2024,7633178.0,2921518.0,2.613
AUS,Australia,Wheat,2024,34110000.0,13060000.0,2.612
IRN,Iran (Islamic Republic of),Wheat,2024,16750000.0,6462608.0,2.592
IRQ,Iraq,Wheat,2024,5234171.0,2029795.0,2.579
TWN,"China, Taiwan Province of",Wheat,2024,5000.0,2000.0,2.5
ECU,Ecuador,Wheat,2024,7323.1,3057.0,2.396
AFG,Afghanistan,Wheat,2024,5200000.0,2300000.0,2.261
JOR,Jordan,Wheat,2024,34428.59,15617.0,2.205
ARM,Armenia,Wheat,2024,120277.1,56005.0,2.148
TUN,Tunisia,Wheat,2024,1150000.0,536000.0,2.146
SYR,Syrian Arab Republic,Wheat,2024,2431225.0,1276409.0,1.905
PER,Peru,Wheat,2024,203522.44,114474.0,1.778
AGO,Angola,Wheat,2024,37301.0,21627.0,1.725
PRY,Paraguay,Wheat,2024,767700.0,450000.0,1.706
CYP,Cyprus,Wheat,2024,21050.0,12480.0,1.687
ISR,Israel,Wheat,2024,90350.0,53910.0,1.676
DZA,Algeria,Wheat,2024,3000000.0,1800000.0,1.667
UGA,Uganda,Wheat,2024,25000.0,15000.0,1.667
TKM,Turkmenistan,Wheat,2024,1330000.0,814915.0,1.632
NGA,Nigeria,Wheat,2024,43926.98,27906.0,1.574
YEM,Yemen,Wheat,2024,98000.0,63748.0,1.537
MMR,Myanmar,Wheat,2024,80000.0,55000.0,1.455
BOL,Bolivia (Plurinational State of),Wheat,2024,292710.49,203162.0,1.441
KAZ,Kazakhstan,Wheat,2024,18576694.15,13067082.0,1.422
MAR,Morocco,Wheat,2024,2441670.47,1758589.0,1.388
TZA,United Republic of Tanzania,Wheat,2024,119000.0,86500.0,1.376
RWA,Rwanda,Wheat,2024,16416.6,12910.0,1.272
MNG,Mongolia,Wheat,2024,397258.23,317739.0,1.25
PRK,Democratic People's Republic of Korea,Wheat,2024,90073.24,75001.0,1.201
BWA,Botswana,Wheat,2024,1328.04,1160.0,1.145
COD,Democratic Republic of the Congo,Wheat,2024,9000.0,8000.0,1.125
THA,Thailand,Wheat,2024,1320.06,1296.0,1.019
ERI,Eritrea,Wheat,2024,25000.0,25000.0,1.0
LBY,Libya,Wheat,2024,90000.0,117228.0,0.768
BDI,Burundi,Wheat,2024,8364.92,11453.0,0.73
LSO,Lesotho,Wheat,2024,4183.0,5814.0,0.719
HND,Honduras,Wheat,2024,1280.93,2401.0,0.533
SOM,Somalia,Wheat,2024,1063.3,2654.0,0.401
MOZ,Mozambique,Wheat,2024,5000.0,16000.0,0.312
